{
    "5632238463": {
        "plan": "𝗙𝗥𝗘𝗘",
        "timer": "none"
    },
    "6000155530": {
        "plan": "𝗩𝗜𝗣",
        "timer": "2024-11-08 23:17",
        "paln": "𝗙𝗥𝗘𝗘"
    },
    "7143576315": {
        "plan": "𝗙𝗥𝗘𝗘",
        "timer": "none"
    },
    "6409378006": {
        "plan": "𝗩𝗜𝗣",
        "timer": "none",
        "paln": "𝗙𝗥𝗘𝗘"
    },
    "5943510768": {
        "plan": "𝗙𝗥𝗘𝗘",
        "timer": "none"
    },
    "6737261036": {
        "plan": "𝗙𝗥𝗘𝗘",
        "timer": "none"
    },
    "7373558122": {
        "plan": "𝗙𝗥𝗘𝗘",
        "timer": "none"
    },
    "1231675501": {
        "plan": "𝗙𝗥𝗘𝗘",
        "timer": "none"
    },
    "6953747634": {
        "plan": "𝗙𝗥𝗘𝗘",
        "timer": "none"
    },
    "6523153741": {
        "plan": "𝗙𝗥𝗘𝗘",
        "timer": "none"
    },
    "6667289871": {
        "plan": "𝗙𝗥𝗘𝗘",
        "timer": "none"
    },
    "7171368370": {
        "plan": "𝗙𝗥𝗘𝗘",
        "timer": "none"
    },
    "1906964069": {
        "plan": "𝗙𝗥𝗘𝗘",
        "timer": "none"
    },
    "ccmerochk-SOVR-Y8J5-DAZB": {
        "plan": "𝗩𝗜𝗣",
        "time": "2024-10-06 19:37"
    },
    "saiccchk-4Y9Z-7XOP-F1EM": {
        "plan": "𝗩𝗜𝗣",
        "time": "2024-10-07 03:51"
    },
    "saiccchk-06JO-85TE-VFU1": {
        "plan": "𝗩𝗜𝗣",
        "time": "2024-10-06 19:33"
    },
    "saiccchk-X0PS-LYC6-W4IM": {
        "plan": "𝗩𝗜𝗣",
        "time": "2024-10-07 13:46"
    },
    "saiccchk-K78L-NT4G-N38K": {
        "plan": "𝗩𝗜𝗣",
        "time": "2024-10-07 02:50"
    },
    "5139230879": {
        "plan": "𝗙𝗥𝗘𝗘",
        "timer": "none"
    },
    "7158330694": {
        "plan": "𝗙𝗥𝗘𝗘",
        "timer": "none"
    },
    "saiccchk-GDPF-AXUE-38ZW": {
        "plan": "𝗩𝗜𝗣",
        "time": "2036-03-05 12:19"
    },
    "7289640823": {
        "plan": "𝗙𝗥𝗘𝗘",
        "timer": "none"
    },
    "5846075448": {
        "plan": "𝗩𝗜𝗣",
        "timer": "none",
        "paln": "𝗙𝗥𝗘𝗘"
    },
    "1452998761": {
        "plan": "𝗙𝗥𝗘𝗘",
        "timer": "none"
    },
    "7451776026": {
        "plan": "𝗙𝗥𝗘𝗘",
        "timer": "none"
    },
    "saiccchk-5ARM-Y4O9-8ZOZ": {
        "plan": "𝗩𝗜𝗣",
        "time": "2024-10-09 02:26"
    },
    "saiccchk-PG4R-RPB5-S6SP": {
        "plan": "𝗩𝗜𝗣",
        "time": "2024-10-10 00:06"
    },
    "saiccchk-GGR2-F143-R7FE": {
        "plan": "𝗩𝗜𝗣",
        "time": "2024-10-13 11:14"
    },
    "7235758977": {
        "plan": "𝗙𝗥𝗘𝗘",
        "timer": "none"
    },
    "7487447884": {
        "plan": "𝗙𝗥𝗘𝗘",
        "timer": "none"
    },
    "6304872434": {
        "plan": "𝗩𝗜𝗣",
        "timer": "2024-11-12 08:55"
    },
    "saiccchk-HZ2O-84X5-120S": {
        "plan": "𝗩𝗜𝗣",
        "time": "2024-10-14 05:03"
    },
    "saiccchk-SBHV-RYNZ-N1C9": {
        "plan": "𝗩𝗜𝗣",
        "time": "2024-10-14 05:11"
    },
    "5957072350": {
        "plan": "𝗩𝗜𝗣",
        "timer": "2024-11-12 07:52"
    },
    "6944368668": {
        "plan": "𝗩𝗜𝗣",
        "timer": "2024-10-25 00:03"
    },
    "saiccchk-3BEV-LYE2-7T75": {
        "plan": "𝗩𝗜𝗣",
        "time": "2025-04-14 21:55"
    },
    "saiccchk-WQWB-0JV1-K5QM": {
        "plan": "𝗩𝗜𝗣",
        "time": "2024-12-20 09:55"
    },
    "saiccchk-O08Y-HWXW-CWRQ": {
        "plan": "𝗩𝗜𝗣",
        "time": "2024-12-24 13:55"
    },
    "saiccchk-6AIV-Q4DF-JN8S": {
        "plan": "𝗩𝗜𝗣",
        "time": "2024-12-20 19:55"
    },
    "saiccchk-DRBP-SEWW-94Q0": {
        "plan": "𝗩𝗜𝗣",
        "time": "2024-12-20 14:55"
    },
    "6261757231": {
        "plan": "𝗩𝗜𝗣",
        "timer": "2024-11-11 20:36"
    },
    "5269094959": {
        "plan": "𝗩𝗜𝗣",
        "timer": "2024-10-20 01:02"
    },
    "5012636609": {
        "plan": "𝗩𝗜𝗣",
        "timer": "2024-10-19 02:04"
    },
    "saiccchk-D5YA-Q8EM-60B9": {
        "plan": "𝗩𝗜𝗣",
        "time": "2024-10-20 22:28"
    },
    "saiccchk-268Q-MSHE-GLEW": {
        "plan": "𝗩𝗜𝗣",
        "time": "2024-10-22 04:37"
    },
    "saiccchk-T15H-L1XQ-0MCQ": {
        "plan": "𝗩𝗜𝗣",
        "time": "2024-10-19 06:38"
    },
    "saiccchk-TLD6-26ZM-58DP": {
        "plan": "𝗩𝗜𝗣",
        "time": "2024-10-19 06:38"
    },
    "saiccchk-4NJT-A4N9-D2TC": {
        "plan": "𝗩𝗜𝗣",
        "time": "2024-10-21 00:56"
    },
    "6920907472": {
        "plan": "𝗩𝗜𝗣",
        "timer": "2024-12-20 03:27"
    },
    "7402891092": {
        "plan": "𝗙𝗥𝗘𝗘",
        "timer": "none"
    },
    "5534181355": {
        "plan": "𝗙𝗥𝗘𝗘",
        "timer": "none"
    },
    "5836188285": {
        "plan": "𝗙𝗥𝗘𝗘",
        "timer": "none"
    },
    "5795341665": {
        "plan": "𝗙𝗥𝗘𝗘",
        "timer": "none"
    },
    "1689490747": {
        "plan": "𝗙𝗥𝗘𝗘",
        "timer": "none"
    },
    "6307907194": {
        "plan": "𝗙𝗥𝗘𝗘",
        "timer": "none"
    },
    "6668126203": {
        "plan": "𝗙𝗥𝗘𝗘",
        "timer": "none"
    },
    "5154089528": {
        "plan": "𝗙𝗥𝗘𝗘",
        "timer": "none"
    },
    "6545732669": {
        "plan": "𝗙𝗥𝗘𝗘",
        "timer": "none"
    },
    "6880591322": {
        "plan": "𝗙𝗥𝗘𝗘",
        "timer": "none"
    },
    "1276371538": {
        "plan": "𝗩𝗜𝗣",
        "timer": "2024-10-28 05:20"
    },
    "saiccchk-RKFU-FJLY-ICEB": {
        "plan": "𝗩𝗜𝗣",
        "time": "2024-11-09 03:27"
    },
    "1844420479": {
        "plan": "𝗙𝗥𝗘𝗘",
        "timer": "none"
    },
    "saiccchk-L8YG-VCJQ-0P3L": {
        "plan": "𝗩𝗜𝗣",
        "time": "2024-11-09 14:48"
    },
    "saiccchk-43CD-WHSE-DJ8W": {
        "plan": "𝗩𝗜𝗣",
        "time": "2024-11-09 14:49"
    },
    "saiccchk-DIDK-U4K6-CPMA": {
        "plan": "𝗩𝗜𝗣",
        "time": "2024-11-09 14:49"
    },
    "6609362604": {
        "plan": "𝗩𝗜𝗣",
        "timer": "2024-11-09 14:54"
    },
    "6213319476": {
        "plan": "𝗩𝗜𝗣",
        "timer": "none",
        "paln": "𝗙𝗥𝗘𝗘"
    },
    "7083808777": {
        "plan": "𝗩𝗜𝗣",
        "timer": "none",
        "paln": "𝗙𝗥𝗘𝗘"
    },
    "7514936522": {
        "plan": "𝗙𝗥𝗘𝗘",
        "timer": "none"
    },
    "saiccchk-UN7X-1J79-RTPN": {
        "plan": "𝗩𝗜𝗣",
        "time": "2024-11-12 08:55"
    },
    "saiccchk-9M19-XBK3-WE68": {
        "plan": "𝗩𝗜𝗣",
        "time": "2024-11-11 14:31"
    },
    "1259109698": {
        "plan": "Free - Not Subscribed"
    },
    "saiccchk-GNII-ZWXH-RZFG": {
        "plan": "𝗩𝗜𝗣",
        "time": "2024-11-11 20:36"
    },
    "saiccchk-CSSY-67WA-HPF7": {
        "plan": "𝗩𝗜𝗣",
        "time": "2024-11-11 20:36"
    },
    "saiccchk-EMPL-0Y8Q-NMYH": {
        "plan": "𝗩𝗜𝗣",
        "time": "2024-11-11 20:36"
    },
    "saiccchk-K3MY-FVGO-OZUD": {
        "plan": "𝗩𝗜𝗣",
        "time": "2024-11-11 20:36"
    },
    "saiccchk-QSUM-POFA-UVY9": {
        "plan": "𝗩𝗜𝗣",
        "time": "2024-11-11 20:36"
    },
    "saiccchk-2XVV-0L48-YNE1": {
        "plan": "𝗩𝗜𝗣",
        "time": "2024-11-11 20:36"
    },
    "5256274792": {
        "plan": "𝗩𝗜𝗣",
        "timer": "2024-10-24 23:58"
    },
    "saiccchk-HKDL-QMVW-P65L": {
        "plan": "𝗩𝗜𝗣",
        "time": "2024-10-25 00:06"
    },
    "saiccchk-N14F-WWRR-93BS": {
        "plan": "𝗩𝗜𝗣",
        "time": "2024-10-25 00:06"
    },
    "6644572226": {
        "plan": "𝗩𝗜𝗣",
        "timer": "2024-10-25 00:07"
    }
}